{
  "feature_table": [
    {
      "ankle_angle_left_maximum": 149.58814308510796,
      "ankle_angle_left_mean": 134.51929497263188,
      "ankle_angle_left_median": 134.7216906352944,
      "ankle_angle_left_minimum": 115.69946313270653,
      "ankle_angle_left_rom": 33.88867995240143,
      "ankle_angle_left_std": 7.690002861365611,
      "ankle_angle_left_time_to_peak": 2.8028,
      "ankle_angle_left_variance": 59.136144007811275,
      "ankle_angle_right_maximum": 138.6614331170921,
      "ankle_angle_right_mean": 130.52435068010135,
      "ankle_angle_right_median": 133.56495449230619,
      "ankle_angle_right_minimum": 99.2356292860794,
      "ankle_angle_right_rom": 39.425803831012686,
      "ankle_angle_right_std": 8.566521331561477,
      "ankle_angle_right_time_to_peak": 4.6046000000000005,
      "ankle_angle_right_variance": 73.38528772409781,
      "ankle_angle_rom_absolute_difference": 5.537123878611254,
      "ankle_angle_rom_percent_difference": 15.105129553851986,
      "ankle_angle_rom_symmetry_index": -15.105129553851986,
      "condition": "uploaded",
      "hip_flexion_left_maximum": 160.4715649107445,
      "hip_flexion_left_mean": 73.79113353521623,
      "hip_flexion_left_median": 67.29427044354296,
      "hip_flexion_left_minimum": 44.61590920905877,
      "hip_flexion_left_rom": 115.85565570168572,
      "hip_flexion_left_std": 25.032383010014865,
      "hip_flexion_left_time_to_peak": 3.003,
      "hip_flexion_left_variance": 626.6201991600809,
      "hip_flexion_right_maximum": 89.68785654849115,
      "hip_flexion_right_mean": 38.54480854345654,
      "hip_flexion_right_median": 32.31431290422191,
      "hip_flexion_right_minimum": 13.484507001155912,
      "hip_flexion_right_rom": 76.20334954733525,
      "hip_flexion_right_std": 19.25824528024115,
      "hip_flexion_right_time_to_peak": 2.8028,
      "hip_flexion_right_variance": 370.88001127393056,
      "hip_flexion_rom_absolute_difference": 39.65230615435047,
      "hip_flexion_rom_percent_difference": 41.29179582382805,
      "hip_flexion_rom_symmetry_index": 41.29179582382805,
      "is_empty": false,
      "knee_flexion_left_maximum": 133.0981764901606,
      "knee_flexion_left_mean": 105.69171531895883,
      "knee_flexion_left_median": 113.42882230707455,
      "knee_flexion_left_minimum": 25.6557809699479,
      "knee_flexion_left_rom": 107.4423955202127,
      "knee_flexion_left_std": 24.02104701277829,
      "knee_flexion_left_time_to_peak": 0.20020000000000002,
      "knee_flexion_left_variance": 577.0106995901048,
      "knee_flexion_right_maximum": 162.24580401114017,
      "knee_flexion_right_mean": 143.04632115652774,
      "knee_flexion_right_median": 144.71571068231168,
      "knee_flexion_right_minimum": 102.81813676973991,
      "knee_flexion_right_rom": 59.42766724140026,
      "knee_flexion_right_std": 13.535396056790775,
      "knee_flexion_right_time_to_peak": 0.40040000000000003,
      "knee_flexion_right_variance": 183.20694641418729,
      "knee_flexion_rom_absolute_difference": 48.01472827881244,
      "knee_flexion_rom_percent_difference": 57.54744438180654,
      "knee_flexion_rom_symmetry_index": 57.54744438180654,
      "participant_id": null,
      "trial_name": "jump_2.mp4",
      "trial_slot": 1
    }
  ],
  "safety_statement": "This report is descriptive. It does not diagnose injury, estimate risk, or introduce clinical interpretation.",
  "summary": "Run-local uploaded-video report generated from existing pipeline outputs."
}
