{
  "center": {
    "ankle_angle_left_maximum": 35.017955016725146,
    "ankle_angle_left_mean": 10.58353304379532,
    "ankle_angle_left_median": 14.98352077266082,
    "ankle_angle_left_minimum": -37.818696070116964,
    "ankle_angle_left_rom": 72.83665108684211,
    "ankle_angle_left_std": 20.626568116608187,
    "ankle_angle_left_time_to_peak": 2.665333333333333,
    "ankle_angle_left_variance": 434.8542407918129,
    "ankle_angle_right_maximum": 35.73464147789474,
    "ankle_angle_right_mean": 10.941593395163745,
    "ankle_angle_right_median": 15.398619299152047,
    "ankle_angle_right_minimum": -37.56234541748538,
    "ankle_angle_right_rom": 73.29698689538012,
    "ankle_angle_right_std": 20.777316090409357,
    "ankle_angle_right_time_to_peak": 2.610830409356725,
    "ankle_angle_right_variance": 442.82594763625735,
    "ankle_angle_rom_absolute_difference": 2.6883108381286553,
    "ankle_angle_rom_percent_difference": 3.774650787463333,
    "ankle_angle_rom_symmetry_index": -0.6142616782772516,
    "hip_flexion_left_maximum": 92.65567831695905,
    "hip_flexion_left_mean": 47.42884888578948,
    "hip_flexion_left_median": 45.79085408131579,
    "hip_flexion_left_minimum": 3.441320494093568,
    "hip_flexion_left_rom": 89.21435782175438,
    "hip_flexion_left_std": 32.090973842456144,
    "hip_flexion_left_time_to_peak": 2.899298245614035,
    "hip_flexion_left_variance": 1080.1168176725146,
    "hip_flexion_right_maximum": 93.03456814391812,
    "hip_flexion_right_mean": 47.47764872245614,
    "hip_flexion_right_median": 45.84601438491228,
    "hip_flexion_right_minimum": 3.4988344530994158,
    "hip_flexion_right_rom": 89.53573368964912,
    "hip_flexion_right_std": 32.38495589204678,
    "hip_flexion_right_time_to_peak": 2.841684210526316,
    "hip_flexion_right_variance": 1101.3138052561403,
    "hip_flexion_rom_absolute_difference": 2.568183612163743,
    "hip_flexion_rom_percent_difference": 2.9625002465895904,
    "hip_flexion_rom_symmetry_index": -0.3167291047964912,
    "knee_flexion_left_maximum": 101.46391801304095,
    "knee_flexion_left_mean": 49.36160259877194,
    "knee_flexion_left_median": 49.80861126567251,
    "knee_flexion_left_minimum": 2.298788991988304,
    "knee_flexion_left_rom": 99.16512902678363,
    "knee_flexion_left_std": 34.00642783549707,
    "knee_flexion_left_time_to_peak": 2.5642105263157897,
    "knee_flexion_left_variance": 1183.745351188304,
    "knee_flexion_right_maximum": 101.2295994514035,
    "knee_flexion_right_mean": 49.110916663684215,
    "knee_flexion_right_median": 49.42871688269006,
    "knee_flexion_right_minimum": 2.140357720877193,
    "knee_flexion_right_rom": 99.08924173385964,
    "knee_flexion_right_std": 34.222799555906434,
    "knee_flexion_right_time_to_peak": 2.572842105263158,
    "knee_flexion_right_variance": 1200.6220712730994,
    "knee_flexion_rom_absolute_difference": 2.1875629171929822,
    "knee_flexion_rom_percent_difference": 2.2550247497142397,
    "knee_flexion_rom_symmetry_index": 0.06624088911383046
  },
  "feature_names": [
    "hip_flexion_right_mean",
    "hip_flexion_right_median",
    "hip_flexion_right_std",
    "hip_flexion_right_variance",
    "hip_flexion_right_maximum",
    "hip_flexion_right_minimum",
    "hip_flexion_right_rom",
    "hip_flexion_right_time_to_peak",
    "hip_flexion_left_mean",
    "hip_flexion_left_median",
    "hip_flexion_left_std",
    "hip_flexion_left_variance",
    "hip_flexion_left_maximum",
    "hip_flexion_left_minimum",
    "hip_flexion_left_rom",
    "hip_flexion_left_time_to_peak",
    "knee_flexion_right_mean",
    "knee_flexion_right_median",
    "knee_flexion_right_std",
    "knee_flexion_right_variance",
    "knee_flexion_right_maximum",
    "knee_flexion_right_minimum",
    "knee_flexion_right_rom",
    "knee_flexion_right_time_to_peak",
    "knee_flexion_left_mean",
    "knee_flexion_left_median",
    "knee_flexion_left_std",
    "knee_flexion_left_variance",
    "knee_flexion_left_maximum",
    "knee_flexion_left_minimum",
    "knee_flexion_left_rom",
    "knee_flexion_left_time_to_peak",
    "ankle_angle_right_mean",
    "ankle_angle_right_median",
    "ankle_angle_right_std",
    "ankle_angle_right_variance",
    "ankle_angle_right_maximum",
    "ankle_angle_right_minimum",
    "ankle_angle_right_rom",
    "ankle_angle_right_time_to_peak",
    "ankle_angle_left_mean",
    "ankle_angle_left_median",
    "ankle_angle_left_std",
    "ankle_angle_left_variance",
    "ankle_angle_left_maximum",
    "ankle_angle_left_minimum",
    "ankle_angle_left_rom",
    "ankle_angle_left_time_to_peak",
    "hip_flexion_rom_absolute_difference",
    "hip_flexion_rom_percent_difference",
    "hip_flexion_rom_symmetry_index",
    "knee_flexion_rom_absolute_difference",
    "knee_flexion_rom_percent_difference",
    "knee_flexion_rom_symmetry_index",
    "ankle_angle_rom_absolute_difference",
    "ankle_angle_rom_percent_difference",
    "ankle_angle_rom_symmetry_index"
  ],
  "impute_values": {},
  "missing_policy": "drop_rows",
  "scale": {
    "ankle_angle_left_maximum": 3.1234978257203414,
    "ankle_angle_left_mean": 4.593243249625176,
    "ankle_angle_left_median": 10.540846284065033,
    "ankle_angle_left_minimum": 3.025942501780615,
    "ankle_angle_left_rom": 3.8509642004254587,
    "ankle_angle_left_std": 3.0657671971402936,
    "ankle_angle_left_time_to_peak": 0.8450441699241567,
    "ankle_angle_left_variance": 133.01149629839261,
    "ankle_angle_right_maximum": 2.3844068802652774,
    "ankle_angle_right_mean": 4.092750606668591,
    "ankle_angle_right_median": 10.620304944006271,
    "ankle_angle_right_minimum": 2.819084475671797,
    "ankle_angle_right_rom": 4.038805481196365,
    "ankle_angle_right_std": 3.336028134039441,
    "ankle_angle_right_time_to_peak": 0.7832388822559885,
    "ankle_angle_right_variance": 147.36582246988738,
    "ankle_angle_rom_absolute_difference": 2.359723511145083,
    "ankle_angle_rom_percent_difference": 3.4760514306646377,
    "ankle_angle_rom_symmetry_index": 5.094468049416273,
    "hip_flexion_left_maximum": 11.512363356545412,
    "hip_flexion_left_mean": 11.14151653116592,
    "hip_flexion_left_median": 21.288245213265196,
    "hip_flexion_left_minimum": 12.7678990241268,
    "hip_flexion_left_rom": 17.36170227955081,
    "hip_flexion_left_std": 7.091277424099605,
    "hip_flexion_left_time_to_peak": 0.9092250147371786,
    "hip_flexion_left_variance": 452.2973623743242,
    "hip_flexion_right_maximum": 11.73550986351481,
    "hip_flexion_right_mean": 11.257582740954259,
    "hip_flexion_right_median": 21.208832871650085,
    "hip_flexion_right_minimum": 12.48842890436343,
    "hip_flexion_right_rom": 17.69147001205902,
    "hip_flexion_right_std": 7.24765045383698,
    "hip_flexion_right_time_to_peak": 0.914984021678046,
    "hip_flexion_right_variance": 470.7304559357344,
    "hip_flexion_rom_absolute_difference": 1.855040365367361,
    "hip_flexion_rom_percent_difference": 2.1611690944753956,
    "hip_flexion_rom_symmetry_index": 3.653319345490317,
    "knee_flexion_left_maximum": 9.949040215013719,
    "knee_flexion_left_mean": 9.194374842003194,
    "knee_flexion_left_median": 22.404530859643124,
    "knee_flexion_left_minimum": 2.515140853751664,
    "knee_flexion_left_rom": 10.788042315003358,
    "knee_flexion_left_std": 5.225726462067896,
    "knee_flexion_left_time_to_peak": 0.7825784059930504,
    "knee_flexion_left_variance": 343.60242749620755,
    "knee_flexion_right_maximum": 9.643668747936166,
    "knee_flexion_right_mean": 9.19855844280109,
    "knee_flexion_right_median": 22.66302106687446,
    "knee_flexion_right_minimum": 2.4617684331885457,
    "knee_flexion_right_rom": 10.716690674324896,
    "knee_flexion_right_std": 5.424210713283787,
    "knee_flexion_right_time_to_peak": 0.7786104534535525,
    "knee_flexion_right_variance": 360.7513481767563,
    "knee_flexion_rom_absolute_difference": 1.6196771874701548,