{
  "ankle_angle_left": {
    "maximum": 150.529009126214,
    "mean": 126.54317967055776,
    "median": 132.58053212136224,
    "minimum": 72.19981007013389,
    "rom": 78.3291990560801,
    "std": 14.068765882597658,
    "time_to_peak": 1.7666666666666666,
    "variance": 197.93017345934388
  },
  "ankle_angle_right": {
    "maximum": 144.21801748767453,
    "mean": 131.81505316996308,
    "median": 134.39072634236015,
    "minimum": 98.3313135812712,
    "rom": 45.886703906403326,
    "std": 9.462210118808866,
    "time_to_peak": 2.1333333333333333,
    "variance": 89.53342033248889
  },
  "hip_flexion_left": {
    "maximum": 124.06814800640889,
    "mean": 57.27976787841774,
    "median": 43.94372065874492,
    "minimum": 7.582627231457762,
    "rom": 116.48552077495113,
    "std": 34.408855576462464,
    "time_to_peak": 0.8333333333333334,
    "variance": 1183.969342081852
  },
  "hip_flexion_right": {
    "maximum": 117.22206249273226,
    "mean": 59.58495220507899,
    "median": 46.852711516154386,
    "minimum": 18.306653181335143,
    "rom": 98.91540931139713,
    "std": 31.54999937926808,
    "time_to_peak": 0.7333333333333333,
    "variance": 995.4024608318161
  },
  "knee_flexion_left": {
    "maximum": 176.18723618264826,
    "mean": 147.33696204653626,
    "median": 150.15560911273576,
    "minimum": 98.01706481004888,
    "rom": 78.17017137259938,
    "std": 22.307654332537986,
    "time_to_peak": 0.06666666666666667,
    "variance": 497.63144182000076
  },
  "knee_flexion_right": {
    "maximum": 161.09189308968956,
    "mean": 132.23071564016576,
    "median": 140.38244810457712,
    "minimum": 82.25714233575171,
    "rom": 78.83475075393785,
    "std": 22.394912005183826,
    "time_to_peak": 0.3333333333333333,
    "variance": 501.53208371992673
  }
}
