{
  "ankle_angle_left": {
    "frame_to_frame_movement": [
      0.019301276789605026,
      3.9268740870518855,
      1.5441383918528402,
      0.15560743915966668,
      0.8602461016880341,
      0.014459811715454407,
      2.3018039049813694,
      1.8546462706564455,
      0.3233781531104114,
      0.25766541767620765,
      1.4431286464288178,
      4.214757587304177,
      3.713211328638465,
      6.550991497430161,
      1.3464138562576977,
      6.9837269057231595,
      1.400723467871373,
      4.701117474409287,
      1.0080143726112283,
      15.372212060449286,
      6.218990621869324,
      2.0327740380647157,
      8.836917721188215,
      0.02210941057089144,
      3.61830386436975,
      5.03466549786495,
      11.606022244221094,
      4.850016883199459,
      4.582370081592529,
      1.2035909555431061,
      0.7657645900501961,
      11.261083787890641,
      2.6666687489618113,
      2.345779505543632,
      6.998562017582017,
      1.1928978749040624,
      13.456664432537934,
      21.422161475456534,
      30.156105240640272,
      3.034512404340191,
      13.095044624285094,
      1.2215296265575262,
      9.489172024816213,
      7.983448912736549,
      10.831412598036195,
      3.0644721800919115,
      2.966637534889202,
      1.4922579182048423,
      4.086513369029177,
      3.189518753740856,
      6.103216170340545,
      6.231155531804006,
      10.567416258935793,
      17.174377701759198,
      6.471791932822768,
      8.700765983525002,
      11.295620737131358,
      57.27788417510449,
      54.969358447049004,
      2.566642527106467,
      1.2669331970431585,
      7.021781122529347,
      17.59078960666318,
      0.4245649326171588,
      0.8840535720986793,
      2.2640553621335755,
      0.5332522853896648,
      2.6114436547724154,
      2.4919555980148687,
      4.034895068751467,
      2.4206376809028995,
      2.4128767789145797,
      0.5186095551141534,
      2.463342458671349,
      1.5882618414915157,
      1.1524810489657114,
      5.4657914525161,
      4.5693556812441045,
      0.5697465463942706,
      1.268675261934959,
      2.0307919826649936,
      0.32002248035161074,
      2.5945329012480443,
      1.2549384341250516,
      1.0735833085227853,
      0.39879148014188104,
      0.5983485886928008,
      0.17121918973404604,
      2.617504257600899,
      0.16381004550285638,
      1.5146470179616358
    ],
    "joint_displacement": 0.8795921986949224,
    "max_velocity": 1649.080753411476,
    "mean_velocity": 0.28997545011937065,
    "total_path_length": 512.3683088488729
  },
  "ankle_angle_right": {
    "frame_to_frame_movement": [
      0.7204855423734955,
      1.123150839572702,
      0.47102073646072995,
      0.5463850476885739,
      2.0902572187817157,
      0.48501928847295517,
      1.8215339366748537,
      2.4801640669858216,
      0.8065067554802283,
      0.42581934601659555,
      1.3887839260957264,
      0.7400201652679357,
      0.08645685330131414,
      0.19416450367532434,
      1.9016243159282453,
      5.93035660537663,
      0.16306535886675988,
      1.5735826384914162,
      6.478772470390453,
      11.549450259577384,
      4.367709515033894,
      0.30879967416484533,
      13.629118818986072,
      6.266332462234374,
      4.180885506097098,
      4.808049334884373,
      8.774933385683795,
      4.788096861541021,
      4.038843596654601,
      0.9188427038369866,
      0.30594330971388217,
      2.841267712392579,
      1.5873539292859107,
      4.5748983754739925,
      1.3971433548510106,
      5.726364292969748,
      10.288750515246676,
      7.947036299314078,
      1.55671698828354,
      10.602162792203188,
      2.626593709382149,
      10.1758135022517,
      0.22332340184058808,
      9.686369553208195,
      3.2077733279221547,
      1.0175830474123586,
      4.845892516473015,
      0.3401528696388425,
      2.6570594228005575,
      0.2305123506332052,
      1.245815093145211,
      4.229824490246585,
      1.485268647008695,
      12.173893907513104,
      13.206334414684704,
      13.619541591877862,
      5.82453485175391,
      14.805071789857095,
      14.16608173809611,
      13.458323471106183,
      13.68758661809072,
      9.424831344987453,
      38.073277940490044,
      2.8429124258200886,
      1.5058595518353002,
      1.1662309248834788,
      1.0632419784190006,
      0.4592209445034712,
      0.15929536012518497,
      1.4605843946227992,
      3.777285041005058,
      2.1546279419840175,
      1.7874870752791026,
      2.4729597895246513,
      1.7782377162910734,
      3.4744807180937585,
      3.7378700384698504,
      1.022885251711898,
      3.6353176600660504,
      0.4227681656004165,
      2.759455966470597,
      1.1732656321002537,
      1.727441020754469,
      0.14676853903566212,
      0.7238668118852445,
      0.4801710441869318,
      1.418596210011799,
      0.8402720147966534,
      1.9031532474039636,
      1.4006357595516477,
      1.7614328368214274
    ],
    "joint_displacement": -1.6217695805444237,
    "max_velocity": 1142.1983382147055,
    "mean_velocity": -0.5346493122672301,
    "total_path_length": 377.55365296600485
  },
  "hip_flexion_left": {
    "frame_to_frame_movement": [
      2.5956488347417874,
      7.932751161052757,
      0.27278106608635255,
      0.5573268778039875,
      0.13882370798322796,
      0.531823342591224,
      5.881693397259639,
      11.16346644473488,
      1.6006916744539552,
      0.9808092693157562,
      1.6967918753788354,
      4.628932165878325,
      9.95778344543342,
      9.433611096590155,
      7.812921703712277,
      15.240824911414634,
      8.912028885715713,
      5.811738088576817,
      3.3061105520259275,
      9.592710091326182,
      3.8748102804278233,
      5.618974655901468,
      7.334246640200803,
      2.996561012230444,
      7.927189554870253,
      5.621082230061049,
      2.8920994626121797,
      9.915211301945632,
      2.7776779943769867,
      2.0809016447433635,
      5.327643222675249,
      3.2733841468702707,
      1.7251053083396215,
      9.306806427339552,
      11.501950899611558,
      15.761848907502255,
      11.007116873988465,
      5.293607344736003,
      14.995791651525678,
      15.510892093690586,
      14.0383872380974,
      26.46641880710051,
      46.625282905011616,
      1.445349220354478,
      2.0186905866771347,
      7.760667487522246,
      20.09573803472459,
      14.71180027617066,
      12.725393440807597,
      7.424028922499197,
      17.465905284631305,
      15.871087256623316,
      14.4086610227088,
      23.993035876903527,
      21.776207776422517,
      6.334539241020133,
      20.726340559389293,
      12.905047136740876,
      32.595780639689224,
      14.369466981934941,
      3.960198091577851,
      38.920795469172674,
      5.487948412011047,
      8.298885190327393,
      0.8751627853630275,
      1.1940493387950326,
      1.181009929049626,
      0.6753979424792185,
      3.1280275171895084,
      2.0601289154557563,
      0.9886448941969164,
      6.094436804394817,
      8.631470580057208,
      7.92218192255206,
      1.6997581853799346,
      1.1422807517733276,
      5.063539437447261,
      1.3176631717424527,
      2.112211026273968,
      7.553395541832565,
      2.9052492120130253,
      6.698547092994431,
      5.685390191949665,
      5.0631771259619,
      0.9898956840520512,
      1.385459079235936,
      2.3324163766121018,
      1.3513050498534582,
      8.853707033489648,
      10.509622159891656,
      10.628968853806697
    ],
    "joint_displacement": -9.91220644115802,
    "max_velocity": 977.8734191906802,
    "mean_velocity": -3.2677603652167884,
    "total_path_length": 751.2609227076867
  },