{
  "feature_count": 57,
  "feature_table": [
    {
      "ankle_angle_left_maximum": 140.73064812110306,
      "ankle_angle_left_mean": 128.08808715644383,
      "ankle_angle_left_median": 132.60103619349195,
      "ankle_angle_left_minimum": 98.82608373625156,
      "ankle_angle_left_rom": 41.9045643848515,
      "ankle_angle_left_std": 11.219240829686788,
      "ankle_angle_left_time_to_peak": 1.6,
      "ankle_angle_left_variance": 125.87136479451107,
      "ankle_angle_right_maximum": 143.8783888607227,
      "ankle_angle_right_mean": 131.6653464608347,
      "ankle_angle_right_median": 134.90128523682435,
      "ankle_angle_right_minimum": 99.03907184826113,
      "ankle_angle_right_rom": 44.83931701246158,
      "ankle_angle_right_std": 10.325028527330808,
      "ankle_angle_right_time_to_peak": 2.2,
      "ankle_angle_right_variance": 106.606214090195,
      "ankle_angle_rom_absolute_difference": 2.934752627610081,
      "ankle_angle_rom_percent_difference": 6.766477543627615,
      "ankle_angle_rom_symmetry_index": -6.766477543627615,
      "condition": "uploaded",
      "hip_flexion_left_maximum": 116.28253357613474,
      "hip_flexion_left_mean": 57.83738196618462,
      "hip_flexion_left_median": 46.67775845576745,
      "hip_flexion_left_minimum": 18.117439409849233,
      "hip_flexion_left_rom": 98.16509416628551,
      "hip_flexion_left_std": 32.11954345854558,
      "hip_flexion_left_time_to_peak": 1.0,
      "hip_flexion_left_variance": 1031.6650719853978,
      "hip_flexion_right_maximum": 109.48120443033108,
      "hip_flexion_right_mean": 60.83306631073148,
      "hip_flexion_right_median": 43.348350035768505,
      "hip_flexion_right_minimum": 24.098996488688304,
      "hip_flexion_right_rom": 85.38220794164278,
      "hip_flexion_right_std": 31.749211263472414,
      "hip_flexion_right_time_to_peak": 0.6,
      "hip_flexion_right_variance": 1008.0124158526037,
      "hip_flexion_rom_absolute_difference": 12.782886224642738,
      "hip_flexion_rom_percent_difference": 13.928710558901301,
      "hip_flexion_rom_symmetry_index": 13.928710558901301,
      "is_empty": false,
      "knee_flexion_left_maximum": 175.56111185275478,
      "knee_flexion_left_mean": 150.8630050785473,
      "knee_flexion_left_median": 158.71759236448588,
      "knee_flexion_left_minimum": 102.97000560261073,
      "knee_flexion_left_rom": 72.59110625014405,
      "knee_flexion_left_std": 22.195485980870846,
      "knee_flexion_left_time_to_peak": 0.0,
      "knee_flexion_left_variance": 492.6395979270342,
      "knee_flexion_right_maximum": 157.8944472694645,
      "knee_flexion_right_mean": 131.88019708846122,
      "knee_flexion_right_median": 143.1368193095014,
      "knee_flexion_right_minimum": 83.62362365748255,
      "knee_flexion_right_rom": 74.27082361198195,
      "knee_flexion_right_std": 23.43720516313429,
      "knee_flexion_right_time_to_peak": 0.2,
      "knee_flexion_right_variance": 549.3025858588486,
      "knee_flexion_rom_absolute_difference": 1.679717361837902,
      "knee_flexion_rom_percent_difference": 2.2874782639923374,
      "knee_flexion_rom_symmetry_index": -2.2874782639923374,
      "participant_id": null,
      "trial_name": "jump.mp4",
      "trial_slot": 1
    }
  ],
  "reports": {
    "html": "/Users/arnavanney/Documents/JumpguardAI/reports/run_demo_pipeline/athlete_report/athlete_report.html",
    "json": "/Users/arnavanney/Documents/JumpguardAI/reports/run_demo_pipeline/athlete_report/athlete_report.json",
    "markdown": "/Users/arnavanney/Documents/JumpguardAI/reports/run_demo_pipeline/athlete_report/athlete_report.md"
  },
  "safety_statement": "Dashboard coordinates current run outputs only. No models are trained and no clinical interpretations are produced."
}
