{
  "feature_count": 57,
  "feature_table": [
    {
      "ankle_angle_left_maximum": 150.529009126214,
      "ankle_angle_left_mean": 126.54317967055776,
      "ankle_angle_left_median": 132.58053212136224,
      "ankle_angle_left_minimum": 72.19981007013389,
      "ankle_angle_left_rom": 78.3291990560801,
      "ankle_angle_left_std": 14.068765882597658,
      "ankle_angle_left_time_to_peak": 1.7666666666666666,
      "ankle_angle_left_variance": 197.93017345934388,
      "ankle_angle_right_maximum": 144.21801748767453,
      "ankle_angle_right_mean": 131.81505316996308,
      "ankle_angle_right_median": 134.39072634236015,
      "ankle_angle_right_minimum": 98.3313135812712,
      "ankle_angle_right_rom": 45.886703906403326,
      "ankle_angle_right_std": 9.462210118808866,
      "ankle_angle_right_time_to_peak": 2.1333333333333333,
      "ankle_angle_right_variance": 89.53342033248889,
      "ankle_angle_rom_absolute_difference": 32.44249514967677,
      "ankle_angle_rom_percent_difference": 52.23565481704108,
      "ankle_angle_rom_symmetry_index": 52.23565481704108,
      "condition": "uploaded",
      "hip_flexion_left_maximum": 124.06814800640889,
      "hip_flexion_left_mean": 57.27976787841774,
      "hip_flexion_left_median": 43.94372065874492,
      "hip_flexion_left_minimum": 7.582627231457762,
      "hip_flexion_left_rom": 116.48552077495113,
      "hip_flexion_left_std": 34.408855576462464,
      "hip_flexion_left_time_to_peak": 0.8333333333333334,
      "hip_flexion_left_variance": 1183.969342081852,
      "hip_flexion_right_maximum": 117.22206249273226,
      "hip_flexion_right_mean": 59.58495220507899,
      "hip_flexion_right_median": 46.852711516154386,
      "hip_flexion_right_minimum": 18.306653181335143,
      "hip_flexion_right_rom": 98.91540931139713,
      "hip_flexion_right_std": 31.54999937926808,
      "hip_flexion_right_time_to_peak": 0.7333333333333333,
      "hip_flexion_right_variance": 995.4024608318161,
      "hip_flexion_rom_absolute_difference": 17.570111463554,
      "hip_flexion_rom_percent_difference": 16.31386777811092,
      "hip_flexion_rom_symmetry_index": 16.31386777811092,
      "is_empty": false,
      "knee_flexion_left_maximum": 176.18723618264826,
      "knee_flexion_left_mean": 147.33696204653626,
      "knee_flexion_left_median": 150.15560911273576,
      "knee_flexion_left_minimum": 98.01706481004888,
      "knee_flexion_left_rom": 78.17017137259938,
      "knee_flexion_left_std": 22.307654332537986,
      "knee_flexion_left_time_to_peak": 0.06666666666666667,
      "knee_flexion_left_variance": 497.63144182000076,
      "knee_flexion_right_maximum": 161.09189308968956,
      "knee_flexion_right_mean": 132.23071564016576,
      "knee_flexion_right_median": 140.38244810457712,
      "knee_flexion_right_minimum": 82.25714233575171,
      "knee_flexion_right_rom": 78.83475075393785,
      "knee_flexion_right_std": 22.394912005183826,
      "knee_flexion_right_time_to_peak": 0.3333333333333333,
      "knee_flexion_right_variance": 501.53208371992673,
      "knee_flexion_rom_absolute_difference": 0.6645793813384699,
      "knee_flexion_rom_percent_difference": 0.8465713970455728,
      "knee_flexion_rom_symmetry_index": -0.8465713970455728,
      "participant_id": null,
      "trial_name": "jump.mp4",
      "trial_slot": 1
    }
  ],
  "reports": {
    "html": "reports/run_s1_visualization_audit/athlete_report/athlete_report.html",
    "json": "reports/run_s1_visualization_audit/athlete_report/athlete_report.json",
    "markdown": "reports/run_s1_visualization_audit/athlete_report/athlete_report.md"
  },
  "safety_statement": "Dashboard coordinates current run outputs only. No models are trained and no clinical interpretations are produced.",
  "video": "reports/run_s1_visualization_audit/video/jump_annotated.avi"
}
