{
  "ankle_angle_left": {
    "maximum": 149.58814308510796,
    "mean": 134.51929497263188,
    "median": 134.7216906352944,
    "minimum": 115.69946313270653,
    "rom": 33.88867995240143,
    "std": 7.690002861365611,
    "time_to_peak": 2.8028,
    "variance": 59.136144007811275
  },
  "ankle_angle_right": {
    "maximum": 138.6614331170921,
    "mean": 130.52435068010135,
    "median": 133.56495449230619,
    "minimum": 99.2356292860794,
    "rom": 39.425803831012686,
    "std": 8.566521331561477,
    "time_to_peak": 4.6046000000000005,
    "variance": 73.38528772409781
  },
  "hip_flexion_left": {
    "maximum": 160.4715649107445,
    "mean": 73.79113353521623,
    "median": 67.29427044354296,
    "minimum": 44.61590920905877,
    "rom": 115.85565570168572,
    "std": 25.032383010014865,
    "time_to_peak": 3.003,
    "variance": 626.6201991600809
  },
  "hip_flexion_right": {
    "maximum": 89.68785654849115,
    "mean": 38.54480854345654,
    "median": 32.31431290422191,
    "minimum": 13.484507001155912,
    "rom": 76.20334954733525,
    "std": 19.25824528024115,
    "time_to_peak": 2.8028,
    "variance": 370.88001127393056
  },
  "knee_flexion_left": {
    "maximum": 133.0981764901606,
    "mean": 105.69171531895883,
    "median": 113.42882230707455,
    "minimum": 25.6557809699479,
    "rom": 107.4423955202127,
    "std": 24.02104701277829,
    "time_to_peak": 0.20020000000000002,
    "variance": 577.0106995901048
  },
  "knee_flexion_right": {
    "maximum": 162.24580401114017,
    "mean": 143.04632115652774,
    "median": 144.71571068231168,
    "minimum": 102.81813676973991,
    "rom": 59.42766724140026,
    "std": 13.535396056790775,
    "time_to_peak": 0.40040000000000003,
    "variance": 183.20694641418729
  }
}
