{
  "ankle_angle_left": {
    "maximum": 140.73064812110306,
    "mean": 128.08808715644383,
    "median": 132.60103619349195,
    "minimum": 98.82608373625156,
    "rom": 41.9045643848515,
    "std": 11.219240829686788,
    "time_to_peak": 1.6,
    "variance": 125.87136479451107
  },
  "ankle_angle_right": {
    "maximum": 143.8783888607227,
    "mean": 131.6653464608347,
    "median": 134.90128523682435,
    "minimum": 99.03907184826113,
    "rom": 44.83931701246158,
    "std": 10.325028527330808,
    "time_to_peak": 2.2,
    "variance": 106.606214090195
  },
  "hip_flexion_left": {
    "maximum": 116.28253357613474,
    "mean": 57.83738196618462,
    "median": 46.67775845576745,
    "minimum": 18.117439409849233,
    "rom": 98.16509416628551,
    "std": 32.11954345854558,
    "time_to_peak": 1.0,
    "variance": 1031.6650719853978
  },
  "hip_flexion_right": {
    "maximum": 109.48120443033108,
    "mean": 60.83306631073148,
    "median": 43.348350035768505,
    "minimum": 24.098996488688304,
    "rom": 85.38220794164278,
    "std": 31.749211263472414,
    "time_to_peak": 0.6,
    "variance": 1008.0124158526037
  },
  "knee_flexion_left": {
    "maximum": 175.56111185275478,
    "mean": 150.8630050785473,
    "median": 158.71759236448588,
    "minimum": 102.97000560261073,
    "rom": 72.59110625014405,
    "std": 22.195485980870846,
    "time_to_peak": 0.0,
    "variance": 492.6395979270342
  },
  "knee_flexion_right": {
    "maximum": 157.8944472694645,
    "mean": 131.88019708846122,
    "median": 143.1368193095014,
    "minimum": 83.62362365748255,
    "rom": 74.27082361198195,
    "std": 23.43720516313429,
    "time_to_peak": 0.2,
    "variance": 549.3025858588486
  }
}
