{
  "ankle_angle_left": {
    "frame_to_frame_movement": [
      2.908549640480544,
      1.1811158065758605,
      0.0019402174300466868,
      2.034272331593371,
      1.0200286908541898,
      4.29460733654949,
      1.3464728968031068,
      0.16754552918027343,
      4.496054919333176,
      1.923265008437994,
      3.671377005441741,
      13.142081592246981,
      2.0736209980014877,
      31.853399541397323,
      33.88867995240143,
      22.384237351768817,
      3.362009849180936,
      7.29771310684032,
      null,
      null,
      0.44152358829677496,
      0.9391768561811205,
      0.264847030665635,
      0.6517949680808783,
      8.837551015107294
    ],
    "joint_displacement": 1.3599856629891178,
    "max_velocity": 159.10788981716968,
    "mean_velocity": -2.7080850627068727,
    "total_path_length": 148.1818652328488
  },
  "ankle_angle_right": {
    "frame_to_frame_movement": [
      0.24574407879916293,
      1.031529240364847,
      0.23173259842610605,
      4.5424083506707404,
      0.266360987104008,
      3.018911306294399,
      1.7167450104132342,
      1.574258102264821,
      4.218045255793811,
      2.0823371541086146,
      3.0253703302231543,
      8.97484046611001,
      15.775499751153163,
      24.507295399254318,
      37.11165071844108,
      34.47133179449436,
      12.794355359111137,
      4.368731290156745,
      null,
      null,
      0.31091060846432583,
      1.2230686480776,
      2.1825747244424747,
      0.3965720382542486,
      3.791291314312474
    ],
    "joint_displacement": 3.931127592795235,
    "max_velocity": 172.1844744979737,
    "mean_velocity": -1.3799756219045527,
    "total_path_length": 167.86156452673484
  },
  "hip_flexion_left": {
    "frame_to_frame_movement": [
      24.500104413530423,
      8.668919356947065,
      18.141459790512776,
      4.953372821527196,
      2.864805776705097,
      5.130202981744873,
      8.991826055267772,
      5.747873918117854,
      8.371781135785781,
      2.1254794148557465,
      9.388833332035617,
      30.767758289771535,
      3.8649762158642176,
      45.38223039869567,
      24.03481360570413,
      80.93856839059634,
      16.25237050002257,
      0.0573864632334562,
      null,
      null,
      14.366567512286522,
      20.605300380789487,
      11.884860070470928,
      0.8297832284722588,
      6.415955612428057
    ],
    "joint_displacement": -8.82898179976538,
    "max_velocity": 226.68446752595273,
    "mean_velocity": -5.446454940394639,
    "total_path_length": 354.2852296653653
  },
  "hip_flexion_right": {
    "frame_to_frame_movement": [
      15.875438872402079,
      7.931858273076237,
      28.019476902943815,
      4.686040986671774,
      6.607360496835099,
      15.169049188290249,
      19.671339743067712,
      0.8415338400017163,
      14.855434331121273,
      0.775735909884073,
      2.006945285442974,
      16.375083207304822,
      31.15359385753014,
      25.93151028611446,
      19.985041159877014,
      1.9417048868672708,
      26.072476845980994,
      14.905225689712136,
      null,
      null,
      11.490243853627582,
      0.023966717420826456,
      14.451680025152076,
      0.6293187965702423,
      8.403632653215855
    ],
    "joint_displacement": -10.988649282025793,
    "max_velocity": 155.61235693071987,
    "mean_velocity": -7.661130335522444,
    "total_path_length": 287.80369180911043
  },
  "knee_flexion_left": {
    "frame_to_frame_movement": [
      15.377960419274004,
      10.23784590389944,
      14.162240275547774,
      4.943114757995801,
      0.48836515832361727,
      4.582037186751435,
      12.33940713946545,
      7.58892455937557,
      10.469230668582483,
      6.428588971515666,
      12.404635302696363,
      20.25529334372318,
      10.918888817590059,
      65.83204609473965,
      16.401489242536993,
      58.17252982436733,
      12.155623445633623,
      6.512851453187594,
      null,
      null,
      21.685548520450183,
      24.717083206184185,
      12.277748817120354,
      4.376784717344535,
      1.5035098986250546
    ],
    "joint_displacement": 1.5889008521575505,
    "max_velocity": 290.5720770447916,
    "mean_velocity": 8.943933542603151,
    "total_path_length": 353.8317477249304
  },
  "knee_flexion_right": {
    "frame_to_frame_movement": [
      25.39805613790682,
      2.561011302154469,
      17.530093328828485,
      1.7175381900759703,
      3.6167733362726153,
      12.571838051322118,
      15.419156484416646,
      1.5560132837532592,
      7.346071460816177,
      0.9232401760066296,
      1.1864782529123374,
      10.641619054839992,
      51.555500105379735,
      36.45574260261378,
      0.9332059234755263,
      11.99376529385114,
      33.272332623615455,
      8.136770441557275,
      null,
      null,
      25.83014926912182,
      13.907294615568247,
      8.564600248059577,
      3.2310330985780524,
      11.199392319395628
    ],
    "joint_displacement": 0.6360313188612849,
    "max_velocity": 182.0966163966725,
    "mean_velocity": 9.179218613727684,
    "total_path_length": 305.54767560052176
  }
}
