{
  "ankle_angle_left": {
    "frame_to_frame_movement": [
      1.400643242856404,
      3.15307383976608,
      17.269761873053213,
      3.3349827174968,
      11.181848891235276,
      20.539197513845096,
      10.185306734713564,
      11.180060136292838,
      7.376016696648264,
      3.618820380165431,
      5.72940142024126,
      1.2123836196981301,
      2.405387882303387,
      3.9771236413889426,
      1.736068913397844
    ],
    "joint_displacement": 2.3942392166565583,
    "max_velocity": 102.69598756922551,
    "mean_velocity": 0.7980797388855165,
    "total_path_length": 104.30007750310253
  },
  "ankle_angle_right": {
    "frame_to_frame_movement": [
      0.8070044365363174,
      2.5397199926355825,
      6.0460016437832,
      5.988927184017399,
      1.882097424021083,
      7.956148840199944,
      13.626126826943576,
      10.190076226548442,
      16.560206431039546,
      19.50864119742792,
      44.83931701246158,
      7.837223051402219,
      5.096700502806186,
      4.346105051086255,
      1.279844563435006
    ],
    "joint_displacement": -3.383202417365851,
    "max_velocity": 224.1965850623077,
    "mean_velocity": -1.1277341391219688,
    "total_path_length": 148.50414038434425
  },
  "hip_flexion_left": {
    "frame_to_frame_movement": [
      10.914501234651361,
      2.96951516211395,
      57.16890813144302,
      12.368449542744258,
      0.1415751245961019,
      13.895858202695607,
      46.73341601661528,
      32.90733629261278,
      16.480557400511113,
      26.675794026829934,
      37.45264760247916,
      9.788336356272758,
      8.513952888837828,
      9.856695462527767,
      18.777781261806545
    ],
    "joint_displacement": -20.541175294964717,
    "max_velocity": 285.84454065721513,
    "mean_velocity": -6.847058431654875,
    "total_path_length": 304.6453247067374
  },
  "hip_flexion_right": {
    "frame_to_frame_movement": [
      7.855330041535712,
      5.179668953138918,
      80.20253898850385,
      2.6616281978725596,
      3.849065031708065,
      6.455719261561356,
      63.090735816777276,
      9.842942171556253,
      2.1189750658496393,
      53.97514008525589,
      42.08532937946735,
      11.72143094357309,
      3.277711120348137,
      4.859009244307245,
      39.767455319327865
    ],
    "joint_displacement": 48.17433421510632,
    "max_velocity": 401.0126949425193,
    "mean_velocity": 16.05811140503544,
    "total_path_length": 336.9426796207832
  },
  "knee_flexion_left": {
    "frame_to_frame_movement": [
      1.6904734528326344,
      12.538166368318059,
      35.27876710185272,
      16.828377180403024,
      6.255322146737612,
      46.53437019990365,
      6.598336894853276,
      27.70060435872466,
      12.481071973326635,
      14.437597022965491,
      17.11029268844797,
      4.567782897882438,
      4.247078192539476,
      2.5360250603293935,
      1.6333678630902284
    ],
    "joint_displacement": -11.04224572255444,
    "max_velocity": 232.67185099951828,
    "mean_velocity": -3.6807485741848094,
    "total_path_length": 210.43763340220727
  },
  "knee_flexion_right": {
    "frame_to_frame_movement": [
      4.058071522298633,
      2.8434999172127675,
      71.42732369476919,
      13.057881891566353,
      27.594249445785124,
      31.280092971023493,
      52.21676655538299,
      4.151218539384274,
      6.835227634169399,
      28.50227502775246,
      12.304094264097927,
      16.027588682751713,
      4.945418591776388,
      5.448685504444029,
      34.3799261669551
    ],
    "joint_displacement": -40.993723233712785,
    "max_velocity": 261.083832776915,
    "mean_velocity": -13.664574411237588,
    "total_path_length": 315.0723204093698
  }
}
